monarch	regnalyearnumber	regnalyeardaterangetext
Ann.	1	1702-03-08J11/1703-03-07J11
Ann.	13	1714-03-08J11/1714-08-01J11
Ann.	12	1713-03-08J11/1714-03-07J11
Ann.	11	1712-03-08J11/1713-03-07J11
Ann.	10	1711-03-08J11/1712-03-07J11
Ann.	9	1710-03-08J11/1711-03-07J11
Ann.	8	1709-03-08J11/1710-03-07J11
Ann.	7	1708-03-08J11/1709-03-07J11
Ann.	6	1707-03-08J11/1708-03-07J11
Ann.	5	1706-03-08J11/1707-03-07J11
Ann.	4	1705-03-08J11/1706-03-07J11
Ann.	3	1704-03-08J11/1705-03-07J11
Ann.	2	1703-03-08J11/1704-03-07J11
Car.	20	1644-03-27J11/1645-03-26J11
Car.	24	1648-03-27J11/1649-01-30J11
Car.	23	1647-03-27J11/1648-03-26J11
Car.	22	1646-03-27J11/1647-03-26J11
Car.	21	1645-03-27J11/1646-03-26J11
Car.	1	1625-03-27J11/1626-03-26J11
Car.	2	1626-03-27J11/1627-03-26J11
Car.	3	1627-03-27J11/1628-03-26J11
Car.	4	1628-03-27J11/1629-03-26J11
Car.	5	1629-03-27J11/1630-03-26J11
Car.	6	1630-03-27J11/1631-03-26J11
Car.	7	1631-03-27J11/1632-03-26J11
Car.	8	1632-03-27J11/1633-03-26J11
Car.	9	1633-03-27J11/1634-03-26J11
Car.	10	1634-03-27J11/1635-03-26J11
Car.	11	1635-03-27J11/1636-03-26J11
Car.	12	1636-03-27J11/1637-03-26J11
Car.	13	1637-03-27J11/1638-03-26J11
Car.	14	1638-03-27J11/1639-03-26J11
Car.	15	1639-03-27J11/1640-03-26J11
Car.	16	1640-03-27J11/1641-03-26J11
Car.	17	1641-03-27J11/1642-03-26J11
Car.	18	1642-03-27J11/1643-03-26J11
Car.	19	1643-03-27J11/1644-03-26J11
Car. 2	14	1662-01-30J11/1663-01-29J11
Car. 2	13	1661-01-30J11/1662-01-29J11
Car. 2	12	1660-01-30J11/1661-01-29J11
Car. 2	11	1659-01-30J11/1660-01-29J11
Car. 2	10	1658-01-30J11/1659-01-29J11
Car. 2	9	1657-01-30J11/1658-01-29J11
Car. 2	8	1656-01-30J11/1657-01-29J11
Car. 2	7	1655-01-30J11/1656-01-29J11
Car. 2	6	1654-01-30J11/1655-01-29J11
Car. 2	5	1653-01-30J11/1654-01-29J11
Car. 2	4	1652-01-30J11/1653-01-29J11
Car. 2	3	1651-01-30J11/1652-01-29J11
Car. 2	1	1649-01-30J11/1650-01-29J11
Car. 2	2	1650-01-30J11/1651-01-29J11
Car. 2	37	1685-01-30J11/1685-02-06J11
Car. 2	36	1684-01-30J11/1685-01-29J11
Car. 2	35	1683-01-30J11/1684-01-29J11
Car. 2	34	1682-01-30J11/1683-01-29J11
Car. 2	33	1681-01-30J11/1682-01-29J11
Car. 2	32	1680-01-30J11/1681-01-29J11
Car. 2	31	1679-01-30J11/1680-01-29J11
Car. 2	30	1678-01-30J11/1679-01-29J11
Car. 2	29	1677-01-30J11/1678-01-29J11
Car. 2	28	1676-01-30J11/1677-01-29J11
Car. 2	27	1675-01-30J11/1676-01-29J11
Car. 2	26	1674-01-30J11/1675-01-29J11
Car. 2	25	1673-01-30J11/1674-01-29J11
Car. 2	24	1672-01-30J11/1673-01-29J11
Car. 2	23	1671-01-30J11/1672-01-29J11
Car. 2	22	1670-01-30J11/1671-01-29J11
Car. 2	21	1669-01-30J11/1670-01-29J11
Car. 2	20	1668-01-30J11/1669-01-29J11
Car. 2	19	1667-01-30J11/1668-01-29J11
Car. 2	18	1666-01-30J11/1667-01-29J11
Car. 2	17	1665-01-30J11/1666-01-29J11
Car. 2	16	1664-01-30J11/1665-01-29J11
Car. 2	15	1663-01-30J11/1664-01-29J11
Edw.	25	1296-11-20J11/1297-11-20J11
Edw.	1	1272-11-20J11/1273-11-20J11
Edw.	2	1273-11-20J11/1274-11-20J11
Edw.	3	1274-11-20J11/1275-11-20J11
Edw.	4	1275-11-20J11/1276-11-20J11
Edw.	5	1276-11-20J11/1277-11-20J11
Edw.	6	1277-11-20J11/1278-11-20J11
Edw.	7	1278-11-20J11/1279-11-20J11
Edw.	8	1279-11-20J11/1280-11-20J11
Edw.	9	1280-11-20J11/1281-11-20J11
Edw.	10	1281-11-20J11/1282-11-20J11
Edw.	11	1282-11-20J11/1283-11-20J11
Edw.	12	1283-11-20J11/1284-11-20J11
Edw.	13	1284-11-20J11/1285-11-20J11
Edw.	14	1285-11-20J11/1286-11-20J11
Edw.	15	1286-11-20J11/1287-11-20J11
Edw.	16	1287-11-20J11/1288-11-20J11
Edw.	17	1288-11-20J11/1289-11-20J11
Edw.	18	1289-11-20J11/1290-11-20J11
Edw.	19	1290-11-20J11/1291-11-20J11
Edw.	20	1291-11-20J11/1292-11-20J11
Edw.	21	1292-11-20J11/1293-11-20J11
Edw.	22	1293-11-20J11/1294-11-20J11
Edw.	23	1294-11-20J11/1295-11-20J11
Edw.	24	1295-11-20J11/1296-11-20J11
Edw.	26	1297-11-20J11/1298-11-20J11
Edw.	27	1298-11-20J11/1299-11-20J11
Edw.	28	1299-11-20J11/1300-11-20J11
Edw.	29	1300-11-20J11/1301-11-20J11
Edw.	30	1301-11-20J11/1302-11-20J11
Edw.	31	1302-11-20J11/1303-11-20J11
Edw.	32	1303-11-20J11/1304-11-20J11
Edw.	33	1304-11-20J11/1305-11-20J11
Edw.	34	1305-11-20J11/1306-11-20J11
Edw.	35	1306-11-20J11/1307-07-07J11
Edw. 2	8	1314-07-08J11/1315-07-07J11
Edw. 2	1	1307-07-08J11/1308-07-07J11
Edw. 2	7	1313-07-08J11/1314-07-07J11
Edw. 2	13	1319-07-08J11/1320-07-07J11
Edw. 2	6	1312-07-08J11/1313-07-07J11
Edw. 2	5	1311-07-08J11/1312-07-07J11
Edw. 2	4	1310-07-08J11/1311-07-07J11
Edw. 2	20	1326-07-08J11/1327-01-20J11
Edw. 2	19	1325-07-08J11/1326-07-07J11
Edw. 2	18	1324-07-08J11/1325-07-07J11
Edw. 2	17	1323-07-08J11/1324-07-07J11
Edw. 2	16	1322-07-08J11/1323-07-07J11
Edw. 2	15	1321-07-08J11/1322-07-07J11
Edw. 2	14	1320-07-08J11/1321-07-07J11
Edw. 2	3	1309-07-08J11/1310-07-07J11
Edw. 2	2	1308-07-08J11/1309-07-07J11
Edw. 2	12	1318-07-08J11/1319-07-07J11
Edw. 2	11	1317-07-08J11/1318-07-07J11
Edw. 2	10	1316-07-08J11/1317-07-07J11
Edw. 2	9	1315-07-08J11/1316-07-07J11
Edw. 3	13	1339-01-25J11/1340-01-24J11
Edw. 3	51	1377-01-25J11/1377-06-21J11
Edw. 3	50	1376-01-25J11/1377-01-24J11
Edw. 3	49	1375-01-25J11/1376-01-24J11
Edw. 3	48	1374-01-25J11/1375-01-24J11
Edw. 3	47	1373-01-25J11/1374-01-24J11
Edw. 3	46	1372-01-25J11/1373-01-24J11
Edw. 3	45	1371-01-25J11/1372-01-24J11
Edw. 3	44	1370-01-25J11/1371-01-24J11
Edw. 3	14	1340-01-25J11/1341-01-24J11
Edw. 3	43	1369-01-25J11/1370-01-24J11
Edw. 3	42	1368-01-25J11/1369-01-24J11
Edw. 3	41	1367-01-25J11/1368-01-24J11
Edw. 3	40	1366-01-25J11/1367-01-24J11
Edw. 3	39	1365-01-25J11/1366-01-24J11
Edw. 3	38	1364-01-25J11/1365-01-24J11
Edw. 3	37	1363-01-25J11/1364-01-24J11
Edw. 3	36	1362-01-25J11/1363-01-24J11
Edw. 3	35	1361-01-25J11/1362-01-24J11
Edw. 3	34	1360-01-25J11/1361-01-24J11
Edw. 3	33	1359-01-25J11/1360-01-24J11
Edw. 3	32	1358-01-25J11/1359-01-24J11
Edw. 3	31	1357-01-25J11/1358-01-24J11
Edw. 3	30	1356-01-25J11/1357-01-24J11
Edw. 3	29	1355-01-25J11/1356-01-24J11
Edw. 3	28	1354-01-25J11/1355-01-24J11
Edw. 3	27	1353-01-25J11/1354-01-24J11
Edw. 3	26	1352-01-25J11/1353-01-24J11
Edw. 3	25	1351-01-25J11/1352-01-24J11
Edw. 3	24	1350-01-25J11/1351-01-24J11
Edw. 3	22	1348-01-25J11/1349-01-24J11
Edw. 3	23	1349-01-25J11/1350-01-24J11
Edw. 3	21	1347-01-25J11/1348-01-24J11
Edw. 3	20	1346-01-25J11/1347-01-24J11
Edw. 3	19	1345-01-25J11/1346-01-24J11
Edw. 3	18	1344-01-25J11/1345-01-24J11
Edw. 3	15	1341-01-25J11/1342-01-24J11
Edw. 3	16	1342-01-25J11/1343-01-24J11
Edw. 3	17	1343-01-25J11/1344-01-24J11
Edw. 3	3	1329-01-25J11/1330-01-24J11
Edw. 3	2	1328-01-25J11/1329-01-24J11
Edw. 3	1	1327-01-25J11/1328-01-24J11
Edw. 3	4	1330-01-25J11/1331-01-24J11
Edw. 3	5	1331-01-25J11/1332-01-24J11
Edw. 3	6	1332-01-25J11/1333-01-24J11
Edw. 3	7	1333-01-25J11/1334-01-24J11
Edw. 3	8	1334-01-25J11/1335-01-24J11
Edw. 3	9	1335-01-25J11/1336-01-24J11
Edw. 3	10	1336-01-25J11/1337-01-24J11
Edw. 3	11	1337-01-25J11/1338-01-24J11
Edw. 3	12	1338-01-25J11/1339-01-24J11
Edw. 4	2	1462-03-04J11/1463-03-03J11
Edw. 4	17	1477-03-04J11/1478-03-03J11
Edw. 4	18	1478-03-04J11/1479-03-03J11
Edw. 4	19	1479-03-04J11/1480-03-03J11
Edw. 4	20	1480-03-04J11/1481-03-03J11
Edw. 4	21	1481-03-04J11/1482-03-03J11
Edw. 4	22	1482-03-04J11/1483-03-03J11
Edw. 4	23	1483-03-04J11/1483-04-09J11
Edw. 4	1	1461-03-04J11/1462-03-03J11
Edw. 4	3	1463-03-04J11/1464-03-03J11
Edw. 4	4	1464-03-04J11/1465-03-03J11
Edw. 4	5	1465-03-04J11/1466-03-03J11
Edw. 4	6	1466-03-04J11/1467-03-03J11
Edw. 4	7	1467-03-04J11/1468-03-03J11
Edw. 4	8	1468-03-04J11/1469-03-03J11
Edw. 4	9	1469-03-04J11/1470-03-03J11
Edw. 4	10	1470-03-04J11/1471-03-03J11
Edw. 4	11	1471-03-04J11/1472-03-03J11
Edw. 4	12	1472-03-04J11/1473-03-03J11
Edw. 4	13	1473-03-04J11/1474-03-03J11
Edw. 4	14	1474-03-04J11/1475-03-03J11
Edw. 4	15	1475-03-04J11/1476-03-03J11
Edw. 4	16	1476-03-04J11/1477-03-03J11
Edw. 5	1	1483-04-09J11/1483-06-25J11
Edw. 6	6	1552-01-28J11/1553-01-27J11
Edw. 6	5	1551-01-28J11/1552-01-27J11
Edw. 6	7	1553-01-28J11/1553-07-06J11
Edw. 6	1	1547-01-28J11/1548-01-27J11
Edw. 6	2	1548-01-28J11/1549-01-27J11
Edw. 6	3	1549-01-28J11/1550-01-27J11
Edw. 6	4	1550-01-28J11/1551-01-27J11
Edw. 7	4	1904-01-22/1905-01-21
Edw. 7	2	1902-01-22/1903-01-21
Edw. 7	1	1901-01-22/1902-01-21
Edw. 7	8	1908-01-22/1909-01-21
Edw. 7	9	1909-01-22/1910-01-21
Edw. 7	10	1910-01-22/1910-05-06
Edw. 7	3	1903-01-22/1904-01-21
Edw. 7	7	1907-01-22/1908-01-21
Edw. 7	6	1906-01-22/1907-01-21
Edw. 7	5	1905-01-22/1906-01-21
Edw. 8	1	1936-01-20/1936-12-11
Eliz.	17	1574-11-17J11/1575-11-16J11
Eliz.	18	1575-11-17J11/1576-11-16J11
Eliz.	19	1576-11-17J11/1577-11-16J11
Eliz.	20	1577-11-17J11/1578-11-16J11
Eliz.	21	1578-11-17J11/1579-11-16J11
Eliz.	22	1579-11-17J11/1580-11-16J11
Eliz.	23	1580-11-17J11/1581-11-16J11
Eliz.	24	1581-11-17J11/1582-11-16J11
Eliz.	37	1594-11-17J11/1595-11-16J11
Eliz.	38	1595-11-17J11/1596-11-16J11
Eliz.	39	1596-11-17J11/1597-11-16J11
Eliz.	40	1597-11-17J11/1598-11-16J11
Eliz.	41	1598-11-17J11/1599-11-16J11
Eliz.	42	1599-11-17J11/1600-11-16J11
Eliz.	43	1600-11-17J11/1601-11-16J11
Eliz.	44	1601-11-17J11/1602-11-16J11
Eliz.	45	1602-11-17J11/1603-03-24J11
Eliz.	36	1593-11-17J11/1594-11-16J11
Eliz.	34	1591-11-17J11/1592-11-16J11
Eliz.	33	1590-11-17J11/1591-11-16J11
Eliz.	30	1587-11-17J11/1588-11-16J11
Eliz.	25	1582-11-17J11/1583-11-16J11
Eliz.	29	1586-11-17J11/1587-11-16J11
Eliz.	28	1585-11-17J11/1586-11-16J11
Eliz.	27	1584-11-17J11/1585-11-16J11
Eliz.	26	1583-11-17J11/1584-11-16J11
Eliz.	35	1592-11-17J11/1593-11-16J11
Eliz.	32	1589-11-17J11/1590-11-16J11
Eliz.	1	1558-11-17J11/1559-11-16J11
Eliz.	2	1559-11-17J11/1560-11-16J11
Eliz.	3	1560-11-17J11/1561-11-16J11
Eliz.	31	1588-11-17J11/1589-11-16J11
Eliz.	4	1561-11-17J11/1562-11-16J11
Eliz.	5	1562-11-17J11/1563-11-16J11
Eliz.	6	1563-11-17J11/1564-11-16J11
Eliz.	7	1564-11-17J11/1565-11-16J11
Eliz.	8	1565-11-17J11/1566-11-16J11
Eliz.	9	1566-11-17J11/1567-11-16J11
Eliz.	10	1567-11-17J11/1568-11-16J11
Eliz.	11	1568-11-17J11/1569-11-16J11
Eliz.	12	1569-11-17J11/1570-11-16J11
Eliz.	13	1570-11-17J11/1571-11-16J11
Eliz.	14	1571-11-17J11/1572-11-16J11
Eliz.	15	1572-11-17J11/1573-11-16J11
Eliz.	16	1573-11-17J11/1574-11-16J11
Eliz. 2	10	1961-02-06/1962-02-05
Eliz. 2	38	1989-02-06/1990-02-05
Eliz. 2	37	1988-02-06/1989-02-05
Eliz. 2	36	1987-02-06/1988-02-05
Eliz. 2	35	1986-02-06/1987-02-05
Eliz. 2	34	1985-02-06/1986-02-05
Eliz. 2	33	1984-02-06/1985-02-05
Eliz. 2	32	1983-02-06/1984-02-05
Eliz. 2	31	1982-02-06/1983-02-05
Eliz. 2	30	1981-02-06/1982-02-05
Eliz. 2	29	1980-02-06/1981-02-05
Eliz. 2	28	1979-02-06/1980-02-05
Eliz. 2	27	1978-02-06/1979-02-05
Eliz. 2	26	1977-02-06/1978-02-05
Eliz. 2	25	1976-02-06/1977-02-05
Eliz. 2	24	1975-02-06/1976-02-05
Eliz. 2	23	1974-02-06/1975-02-05
Eliz. 2	22	1973-02-06/1974-02-05
Eliz. 2	21	1972-02-06/1973-02-05
Eliz. 2	20	1971-02-06/1972-02-05
Eliz. 2	71	2022-02-06/2022-09-08
Eliz. 2	70	2021-02-06/2022-02-05
Eliz. 2	69	2020-02-06/2021-02-05
Eliz. 2	68	2019-02-06/2020-02-05
Eliz. 2	67	2018-02-06/2019-02-05
Eliz. 2	66	2017-02-06/2018-02-05
Eliz. 2	65	2016-02-06/2017-02-05
Eliz. 2	64	2015-02-06/2016-02-05
Eliz. 2	63	2014-02-06/2015-02-05
Eliz. 2	62	2013-02-06/2014-02-05
Eliz. 2	61	2012-02-06/2013-02-05
Eliz. 2	60	2011-02-06/2012-02-05
Eliz. 2	59	2010-02-06/2011-02-05
Eliz. 2	58	2009-02-06/2010-02-05
Eliz. 2	57	2008-02-06/2009-02-05
Eliz. 2	56	2007-02-06/2008-02-05
Eliz. 2	55	2006-02-06/2007-02-05
Eliz. 2	54	2005-02-06/2006-02-05
Eliz. 2	53	2004-02-06/2005-02-05
Eliz. 2	52	2003-02-06/2004-02-05
Eliz. 2	51	2002-02-06/2003-02-05
Eliz. 2	50	2001-02-06/2002-02-05
Eliz. 2	49	2000-02-06/2001-02-05
Eliz. 2	48	1999-02-06/2000-02-05
Eliz. 2	47	1998-02-06/1999-02-05
Eliz. 2	46	1997-02-06/1998-02-05
Eliz. 2	45	1996-02-06/1997-02-05
Eliz. 2	44	1995-02-06/1996-02-05
Eliz. 2	43	1994-02-06/1995-02-05
Eliz. 2	42	1993-02-06/1994-02-05
Eliz. 2	41	1992-02-06/1993-02-05
Eliz. 2	40	1991-02-06/1992-02-05
Eliz. 2	39	1990-02-06/1991-02-05
Eliz. 2	19	1970-02-06/1971-02-05
Eliz. 2	18	1969-02-06/1970-02-05
Eliz. 2	17	1968-02-06/1969-02-05
Eliz. 2	16	1967-02-06/1968-02-05
Eliz. 2	15	1966-02-06/1967-02-05
Eliz. 2	14	1965-02-06/1966-02-05
Eliz. 2	13	1964-02-06/1965-02-05
Eliz. 2	12	1963-02-06/1964-02-05
Eliz. 2	11	1962-02-06/1963-02-05
Eliz. 2	9	1960-02-06/1961-02-05
Eliz. 2	8	1959-02-06/1960-02-05
Eliz. 2	7	1958-02-06/1959-02-05
Eliz. 2	6	1957-02-06/1958-02-05
Eliz. 2	5	1956-02-06/1957-02-05
Eliz. 2	4	1955-02-06/1956-02-05
Eliz. 2	3	1954-02-06/1955-02-05
Eliz. 2	2	1953-02-06/1954-02-05
Eliz. 2	1	1952-02-06/1953-02-05
Geo.	11	1724-08-01J11/1725-07-31J11
Geo.	10	1723-08-01J11/1724-07-31J11
Geo.	9	1722-08-01J11/1723-07-31J11
Geo.	8	1721-08-01J11/1722-07-31J11
Geo.	7	1720-08-01J11/1721-07-31J11
Geo.	6	1719-08-01J11/1720-07-31J11
Geo.	5	1718-08-01J11/1719-07-31J11
Geo.	4	1717-08-01J11/1718-07-31J11
Geo.	3	1716-08-01J11/1717-07-31J11
Geo.	2	1715-08-01J11/1716-07-31J11
Geo.	1	1714-08-01J11/1715-07-31J11
Geo.	13	1726-08-01J11/1727-06-11J11
Geo.	12	1725-08-01J11/1726-07-31J11
Geo. 2	24	1750-06-11J11/1751-06-10J11
Geo. 2	23	1749-06-11J11/1750-06-10J11
Geo. 2	22	1748-06-11J11/1749-06-10J11
Geo. 2	21	1747-06-11J11/1748-06-10J11
Geo. 2	20	1746-06-11J11/1747-06-10J11
Geo. 2	19	1745-06-11J11/1746-06-10J11
Geo. 2	18	1744-06-11J11/1745-06-10J11
Geo. 2	17	1743-06-11J11/1744-06-10J11
Geo. 2	16	1742-06-11J11/1743-06-10J11
Geo. 2	15	1741-06-11J11/1742-06-10J11
Geo. 2	14	1740-06-11J11/1741-06-10J11
Geo. 2	13	1739-06-11J11/1740-06-10J11
Geo. 2	12	1738-06-11J11/1739-06-10J11
Geo. 2	11	1737-06-11J11/1738-06-10J11
Geo. 2	5	1731-06-11J11/1732-06-10J11
Geo. 2	8	1734-06-11J11/1735-06-10J11
Geo. 2	3	1729-06-11J11/1730-06-10J11
Geo. 2	2	1728-06-11J11/1729-06-10J11
Geo. 2	1	1727-06-11J11/1728-06-10J11
Geo. 2	10	1736-06-11J11/1737-06-10J11
Geo. 2	9	1735-06-11J11/1736-06-10J11
Geo. 2	4	1730-06-11J11/1731-06-10J11
Geo. 2	7	1733-06-11J11/1734-06-10J11
Geo. 2	6	1732-06-11J11/1733-06-10J11
Geo. 2	34	1760-06-11/1760-10-25
Geo. 2	33	1759-06-11/1760-06-10
Geo. 2	32	1758-06-11/1759-06-10
Geo. 2	31	1757-06-11/1758-06-10
Geo. 2	30	1756-06-11/1757-06-10
Geo. 2	29	1755-06-11/1756-06-10
Geo. 2	28	1754-06-11/1755-06-10
Geo. 2	27	1753-06-11/1754-06-10
Geo. 2	26	1752-06-11J11/1753-06-10
Geo. 2	25	1751-06-11J11/1752-06-10J11
Geo. 3	48	1807-10-25/1808-10-24
Geo. 3	49	1808-10-25/1809-10-24
Geo. 3	50	1809-10-25/1810-10-24
Geo. 3	51	1810-10-25/1811-10-24
Geo. 3	52	1811-10-25/1812-10-24
Geo. 3	53	1812-10-25/1813-10-24
Geo. 3	54	1813-10-25/1814-10-24
Geo. 3	55	1814-10-25/1815-10-24
Geo. 3	56	1815-10-25/1816-10-24
Geo. 3	57	1816-10-25/1817-10-24
Geo. 3	58	1817-10-25/1818-10-24
Geo. 3	59	1818-10-25/1819-10-24
Geo. 3	60	1819-10-25/1820-01-29
Geo. 3	10	1769-10-25/1770-10-24
Geo. 3	33	1792-10-25/1793-10-24
Geo. 3	32	1791-10-25/1792-10-24
Geo. 3	31	1790-10-25/1791-10-24
Geo. 3	30	1789-10-25/1790-10-24
Geo. 3	29	1788-10-25/1789-10-24
Geo. 3	28	1787-10-25/1788-10-24
Geo. 3	27	1786-10-25/1787-10-24
Geo. 3	26	1785-10-25/1786-10-24
Geo. 3	25	1784-10-25/1785-10-24
Geo. 3	24	1783-10-25/1784-10-24
Geo. 3	23	1782-10-25/1783-10-24
Geo. 3	22	1781-10-25/1782-10-24
Geo. 3	21	1780-10-25/1781-10-24
Geo. 3	20	1779-10-25/1780-10-24
Geo. 3	19	1778-10-25/1779-10-24
Geo. 3	18	1777-10-25/1778-10-24
Geo. 3	17	1776-10-25/1777-10-24
Geo. 3	16	1775-10-25/1776-10-24
Geo. 3	15	1774-10-25/1775-10-24
Geo. 3	14	1773-10-25/1774-10-24
Geo. 3	13	1772-10-25/1773-10-24
Geo. 3	12	1771-10-25/1772-10-24
Geo. 3	11	1770-10-25/1771-10-24
Geo. 3	34	1793-10-25/1794-10-24
Geo. 3	9	1768-10-25/1769-10-24
Geo. 3	8	1767-10-25/1768-10-24
Geo. 3	7	1766-10-25/1767-10-24
Geo. 3	6	1765-10-25/1766-10-24
Geo. 3	5	1764-10-25/1765-10-24
Geo. 3	4	1763-10-25/1764-10-24
Geo. 3	3	1762-10-25/1763-10-24
Geo. 3	2	1761-10-25/1762-10-24
Geo. 3	1	1760-10-25/1761-10-24
Geo. 3	35	1794-10-25/1795-10-24
Geo. 3	36	1795-10-25/1796-10-24
Geo. 3	37	1796-10-25/1797-10-24
Geo. 3	38	1797-10-25/1798-10-24
Geo. 3	39	1798-10-25/1799-10-24
Geo. 3	40	1799-10-25/1800-10-24
Geo. 3	41	1800-10-25/1801-10-24
Geo. 3	42	1801-10-25/1802-10-24
Geo. 3	43	1802-10-25/1803-10-24
Geo. 3	44	1803-10-25/1804-10-24
Geo. 3	45	1804-10-25/1805-10-24
Geo. 3	46	1805-10-25/1806-10-24
Geo. 3	47	1806-10-25/1807-10-24
Geo. 4	1	1820-01-29/1821-01-28
Geo. 4	2	1821-01-29/1822-01-28
Geo. 4	3	1822-01-29/1823-01-28
Geo. 4	4	1823-01-29/1824-01-28
Geo. 4	5	1824-01-29/1825-01-28
Geo. 4	6	1825-01-29/1826-01-28
Geo. 4	7	1826-01-29/1827-01-28
Geo. 4	8	1827-01-29/1828-01-28
Geo. 4	9	1828-01-29/1829-01-28
Geo. 4	10	1829-01-29/1830-01-28
Geo. 4	11	1830-01-29/1830-06-26
Geo. 5	1	1910-05-06/1911-05-05
Geo. 5	2	1911-05-06/1912-05-05
Geo. 5	3	1912-05-06/1913-05-05
Geo. 5	4	1913-05-06/1914-05-05
Geo. 5	5	1914-05-06/1915-05-05
Geo. 5	6	1915-05-06/1916-05-05
Geo. 5	7	1916-05-06/1917-05-05
Geo. 5	8	1917-05-06/1918-05-05
Geo. 5	9	1918-05-06/1919-05-05
Geo. 5	10	1919-05-06/1920-05-05
Geo. 5	11	1920-05-06/1921-05-05
Geo. 5	12	1921-05-06/1922-05-05
Geo. 5	13	1922-05-06/1923-05-05
Geo. 5	14	1923-05-06/1924-05-05
Geo. 5	15	1924-05-06/1925-05-05
Geo. 5	16	1925-05-06/1926-05-05
Geo. 5	17	1926-05-06/1927-05-05
Geo. 5	18	1927-05-06/1928-05-05
Geo. 5	19	1928-05-06/1929-05-05
Geo. 5	20	1929-05-06/1930-05-05
Geo. 5	21	1930-05-06/1931-05-05
Geo. 5	22	1931-05-06/1932-05-05
Geo. 5	23	1932-05-06/1933-05-05
Geo. 5	24	1933-05-06/1934-05-05
Geo. 5	25	1934-05-06/1935-05-05
Geo. 5	26	1935-05-06/1936-01-20
Geo. 6	1	1936-12-11/1937-12-10
Geo. 6	2	1937-12-11/1938-12-10
Geo. 6	3	1938-12-11/1939-12-10
Geo. 6	4	1939-12-11/1940-12-10
Geo. 6	5	1940-12-11/1941-12-10
Geo. 6	6	1941-12-11/1942-12-10
Geo. 6	7	1942-12-11/1943-12-10
Geo. 6	8	1943-12-11/1944-12-10
Geo. 6	9	1944-12-11/1945-12-10
Geo. 6	10	1945-12-11/1946-12-10
Geo. 6	11	1946-12-11/1947-12-10
Geo. 6	12	1947-12-11/1948-12-10
Geo. 6	13	1948-12-11/1949-12-10
Geo. 6	14	1949-12-11/1950-12-10
Geo. 6	15	1950-12-11/1951-12-10
Geo. 6	16	1951-12-11/1952-02-05
Hen.	1	1100-08-05J11/1101-08-04J11
Hen.	36	1135-08-05J11/1135-12-01J11
Hen.	35	1134-08-05J11/1135-08-04J11
Hen.	34	1133-08-05J11/1134-08-04J11
Hen.	33	1132-08-05J11/1133-08-04J11
Hen.	32	1131-08-05J11/1132-08-04J11
Hen.	31	1130-08-05J11/1131-08-04J11
Hen.	30	1129-08-05J11/1130-08-04J11
Hen.	29	1128-08-05J11/1129-08-04J11
Hen.	28	1127-08-05J11/1128-08-04J11
Hen.	27	1126-08-05J11/1127-08-04J11
Hen.	26	1125-08-05J11/1126-08-04J11
Hen.	25	1124-08-05J11/1125-08-04J11
Hen.	24	1123-08-05J11/1124-08-04J11
Hen.	23	1122-08-05J11/1123-08-04J11
Hen.	22	1121-08-05J11/1122-08-04J11
Hen.	21	1120-08-05J11/1121-08-04J11
Hen.	20	1119-08-05J11/1120-08-04J11
Hen.	19	1118-08-05J11/1119-08-04J11
Hen.	18	1117-08-05J11/1118-08-04J11
Hen.	17	1116-08-05J11/1117-08-04J11
Hen.	16	1115-08-05J11/1116-08-04J11
Hen.	15	1114-08-05J11/1115-08-04J11
Hen.	14	1113-08-05J11/1114-08-04J11
Hen.	13	1112-08-05J11/1113-08-04J11
Hen.	12	1111-08-05J11/1112-08-04J11
Hen.	11	1110-08-05J11/1111-08-04J11
Hen.	10	1109-08-05J11/1110-08-04J11
Hen.	9	1108-08-05J11/1109-08-04J11
Hen.	8	1107-08-05J11/1108-08-04J11
Hen.	7	1106-08-05J11/1107-08-04J11
Hen.	6	1105-08-05J11/1106-08-04J11
Hen.	5	1104-08-05J11/1105-08-04J11
Hen.	4	1103-08-05J11/1104-08-04J11
Hen.	3	1102-08-05J11/1103-08-04J11
Hen.	2	1101-08-05J11/1102-08-04J11
Hen. 2	34	1187-12-19J11/1188-12-18J11
Hen. 2	1	1154-12-19J11/1155-12-18J11
Hen. 2	2	1155-12-19J11/1156-12-18J11
Hen. 2	3	1156-12-19J11/1157-12-18J11
Hen. 2	4	1157-12-19J11/1158-12-18J11
Hen. 2	5	1158-12-19J11/1159-12-18J11
Hen. 2	6	1159-12-19J11/1160-12-18J11
Hen. 2	7	1160-12-19J11/1161-12-18J11
Hen. 2	8	1161-12-19J11/1162-12-18J11
Hen. 2	9	1162-12-19J11/1163-12-18J11
Hen. 2	10	1163-12-19J11/1164-12-18J11
Hen. 2	11	1164-12-19J11/1165-12-18J11
Hen. 2	12	1165-12-19J11/1166-12-18J11
Hen. 2	13	1166-12-19J11/1167-12-18J11
Hen. 2	14	1167-12-19J11/1168-12-18J11
Hen. 2	15	1168-12-19J11/1169-12-18J11
Hen. 2	16	1169-12-19J11/1170-12-18J11
Hen. 2	17	1170-12-19J11/1171-12-18J11
Hen. 2	18	1171-12-19J11/1172-12-18J11
Hen. 2	19	1172-12-19J11/1173-12-18J11
Hen. 2	20	1173-12-19J11/1174-12-18J11
Hen. 2	21	1174-12-19J11/1175-12-18J11
Hen. 2	22	1175-12-19J11/1176-12-18J11
Hen. 2	23	1176-12-19J11/1177-12-18J11
Hen. 2	24	1177-12-19J11/1178-12-18J11
Hen. 2	25	1178-12-19J11/1179-12-18J11
Hen. 2	26	1179-12-19J11/1180-12-18J11
Hen. 2	27	1180-12-19J11/1181-12-18J11
Hen. 2	28	1181-12-19J11/1182-12-18J11
Hen. 2	29	1182-12-19J11/1183-12-18J11
Hen. 2	30	1183-12-19J11/1184-12-18J11
Hen. 2	31	1184-12-19J11/1185-12-18J11
Hen. 2	32	1185-12-19J11/1186-12-18J11
Hen. 2	33	1186-12-19J11/1187-12-18J11
Hen. 2	35	1188-12-19J11/1189-07-06J11
Hen. 3	27	1242-10-28J11/1243-10-27J11
Hen. 3	28	1243-10-28J11/1244-10-27J11
Hen. 3	29	1244-10-28J11/1245-10-27J11
Hen. 3	1	1216-10-28J11/1217-10-27J11
Hen. 3	2	1217-10-28J11/1218-10-27J11
Hen. 3	3	1218-10-28J11/1219-10-27J11
Hen. 3	4	1219-10-28J11/1220-10-27J11
Hen. 3	31	1246-10-28J11/1247-10-27J11
Hen. 3	32	1247-10-28J11/1248-10-27J11
Hen. 3	33	1248-10-28J11/1249-10-27J11
Hen. 3	34	1249-10-28J11/1250-10-27J11
Hen. 3	35	1250-10-28J11/1251-10-27J11
Hen. 3	36	1251-10-28J11/1252-10-27J11
Hen. 3	37	1252-10-28J11/1253-10-27J11
Hen. 3	42	1257-10-28J11/1258-10-27J11
Hen. 3	41	1256-10-28J11/1257-10-27J11
Hen. 3	40	1255-10-28J11/1256-10-27J11
Hen. 3	39	1254-10-28J11/1255-10-27J11
Hen. 3	38	1253-10-28J11/1254-10-27J11
Hen. 3	51	1266-10-28J11/1267-10-27J11
Hen. 3	50	1265-10-28J11/1266-10-27J11
Hen. 3	49	1264-10-28J11/1265-10-27J11
Hen. 3	8	1223-10-28J11/1224-10-27J11
Hen. 3	7	1222-10-28J11/1223-10-27J11
Hen. 3	6	1221-10-28J11/1222-10-27J11
Hen. 3	5	1220-10-28J11/1221-10-27J11
Hen. 3	48	1263-10-28J11/1264-10-27J11
Hen. 3	47	1262-10-28J11/1263-10-27J11
Hen. 3	46	1261-10-28J11/1262-10-27J11
Hen. 3	45	1260-10-28J11/1261-10-27J11
Hen. 3	44	1259-10-28J11/1260-10-27J11
Hen. 3	43	1258-10-28J11/1259-10-27J11
Hen. 3	52	1267-10-28J11/1268-10-27J11
Hen. 3	53	1268-10-28J11/1269-10-27J11
Hen. 3	54	1269-10-28J11/1270-10-27J11
Hen. 3	55	1270-10-28J11/1271-10-27J11
Hen. 3	56	1271-10-28J11/1272-10-27J11
Hen. 3	57	1272-10-28J11/1272-11-16J11
Hen. 3	9	1224-10-28J11/1225-10-27J11
Hen. 3	10	1225-10-28J11/1226-10-27J11
Hen. 3	11	1226-10-28J11/1227-10-27J11
Hen. 3	12	1227-10-28J11/1228-10-27J11
Hen. 3	13	1228-10-28J11/1229-10-27J11
Hen. 3	14	1229-10-28J11/1230-10-27J11
Hen. 3	15	1230-10-28J11/1231-10-27J11
Hen. 3	16	1231-10-28J11/1232-10-27J11
Hen. 3	17	1232-10-28J11/1233-10-27J11
Hen. 3	18	1233-10-28J11/1234-10-27J11
Hen. 3	19	1234-10-28J11/1235-10-27J11
Hen. 3	20	1235-10-28J11/1236-10-27J11
Hen. 3	21	1236-10-28J11/1237-10-27J11
Hen. 3	30	1245-10-28J11/1246-10-27J11
Hen. 3	22	1237-10-28J11/1238-10-27J11
Hen. 3	23	1238-10-28J11/1239-10-27J11
Hen. 3	24	1239-10-28J11/1240-10-27J11
Hen. 3	25	1240-10-28J11/1241-10-27J11
Hen. 3	26	1241-10-28J11/1242-10-27J11
Hen. 4	14	1412-09-30J11/1413-03-20J11
Hen. 4	13	1411-09-30J11/1412-09-29J11
Hen. 4	12	1410-09-30J11/1411-09-29J11
Hen. 4	11	1409-09-30J11/1410-09-29J11
Hen. 4	10	1408-09-30J11/1409-09-29J11
Hen. 4	9	1407-09-30J11/1408-09-29J11
Hen. 4	8	1406-09-30J11/1407-09-29J11
Hen. 4	7	1405-09-30J11/1406-09-29J11
Hen. 4	6	1404-09-30J11/1405-09-29J11
Hen. 4	5	1403-09-30J11/1404-09-29J11
Hen. 4	4	1402-09-30J11/1403-09-29J11
Hen. 4	3	1401-09-30J11/1402-09-29J11
Hen. 4	2	1400-09-30J11/1401-09-29J11
Hen. 4	1	1399-09-30J11/1400-09-29J11
Hen. 5	10	1422-03-21J11/1422-08-31J11
Hen. 5	1	1413-03-21J11/1414-03-20J11
Hen. 5	2	1414-03-21J11/1415-03-20J11
Hen. 5	3	1415-03-21J11/1416-03-20J11
Hen. 5	4	1416-03-21J11/1417-03-20J11
Hen. 5	5	1417-03-21J11/1418-03-20J11
Hen. 5	6	1418-03-21J11/1419-03-20J11
Hen. 5	7	1419-03-21J11/1420-03-20J11
Hen. 5	8	1420-03-21J11/1421-03-20J11
Hen. 5	9	1421-03-21J11/1422-03-20J11
Hen. 6	8	1429-09-01J11/1430-08-31J11
Hen. 6	1	1422-09-01J11/1423-08-31J11
Hen. 6	2	1423-09-01J11/1424-08-31J11
Hen. 6	3	1424-09-01J11/1425-08-31J11
Hen. 6	4	1425-09-01J11/1426-08-31J11
Hen. 6	32	1453-09-01J11/1454-08-31J11
Hen. 6	31	1452-09-01J11/1453-08-31J11
Hen. 6	30	1451-09-01J11/1452-08-31J11
Hen. 6	29	1450-09-01J11/1451-08-31J11
Hen. 6	28	1449-09-01J11/1450-08-31J11
Hen. 6	27	1448-09-01J11/1449-08-31J11
Hen. 6	26	1447-09-01J11/1448-08-31J11
Hen. 6	25	1446-09-01J11/1447-08-31J11
Hen. 6	24	1445-09-01J11/1446-08-31J11
Hen. 6	23	1444-09-01J11/1445-08-31J11
Hen. 6	22	1443-09-01J11/1444-08-31J11
Hen. 6	21	1442-09-01J11/1443-08-31J11
Hen. 6	20	1441-09-01J11/1442-08-31J11
Hen. 6	19	1440-09-01J11/1441-08-31J11
Hen. 6	18	1439-09-01J11/1440-08-31J11
Hen. 6	17	1438-09-01J11/1439-08-31J11
Hen. 6	16	1437-09-01J11/1438-08-31J11
Hen. 6	15	1436-09-01J11/1437-08-31J11
Hen. 6	14	1435-09-01J11/1436-08-31J11
Hen. 6	13	1434-09-01J11/1435-08-31J11
Hen. 6	12	1433-09-01J11/1434-08-31J11
Hen. 6	11	1432-09-01J11/1433-08-31J11
Hen. 6	10	1431-09-01J11/1432-08-31J11
Hen. 6	9	1430-09-01J11/1431-08-31J11
Hen. 6	5	1426-09-01J11/1427-08-31J11
Hen. 6	6	1427-09-01J11/1428-08-31J11
Hen. 6	7	1428-09-01J11/1429-08-31J11
Hen. 6	39	1460-09-01J11/1461-03-04J11
Hen. 6	38	1459-09-01J11/1460-08-31J11
Hen. 6	37	1458-09-01J11/1459-08-31J11
Hen. 6	36	1457-09-01J11/1458-08-31J11
Hen. 6	35	1456-09-01J11/1457-08-31J11
Hen. 6	34	1455-09-01J11/1456-08-31J11
Hen. 6	33	1454-09-01J11/1455-08-31J11
Hen. 7	24	1508-08-22J11/1509-04-21J11
Hen. 7	23	1507-08-22J11/1508-08-21J11
Hen. 7	22	1506-08-22J11/1507-08-21J11
Hen. 7	21	1505-08-22J11/1506-08-21J11
Hen. 7	20	1504-08-22J11/1505-08-21J11
Hen. 7	19	1503-08-22J11/1504-08-21J11
Hen. 7	18	1502-08-22J11/1503-08-21J11
Hen. 7	17	1501-08-22J11/1502-08-21J11
Hen. 7	16	1500-08-22J11/1501-08-21J11
Hen. 7	15	1499-08-22J11/1500-08-21J11
Hen. 7	14	1498-08-22J11/1499-08-21J11
Hen. 7	13	1497-08-22J11/1498-08-21J11
Hen. 7	12	1496-08-22J11/1497-08-21J11
Hen. 7	11	1495-08-22J11/1496-08-21J11
Hen. 7	10	1494-08-22J11/1495-08-21J11
Hen. 7	9	1493-08-22J11/1494-08-21J11
Hen. 7	8	1492-08-22J11/1493-08-21J11
Hen. 7	7	1491-08-22J11/1492-08-21J11
Hen. 7	6	1490-08-22J11/1491-08-21J11
Hen. 7	5	1489-08-22J11/1490-08-21J11
Hen. 7	4	1488-08-22J11/1489-08-21J11
Hen. 7	3	1487-08-22J11/1488-08-21J11
Hen. 7	2	1486-08-22J11/1487-08-21J11
Hen. 7	1	1485-08-22J11/1486-08-21J11
Hen. 8	17	1525-04-22J11/1526-04-21J11
Hen. 8	38	1546-04-22J11/1547-01-28J11
Hen. 8	37	1545-04-22J11/1546-04-21J11
Hen. 8	36	1544-04-22J11/1545-04-21J11
Hen. 8	35	1543-04-22J11/1544-04-21J11
Hen. 8	34	1542-04-22J11/1543-04-21J11
Hen. 8	33	1541-04-22J11/1542-04-21J11
Hen. 8	32	1540-04-22J11/1541-04-21J11
Hen. 8	31	1539-04-22J11/1540-04-21J11
Hen. 8	30	1538-04-22J11/1539-04-21J11
Hen. 8	29	1537-04-22J11/1538-04-21J11
Hen. 8	28	1536-04-22J11/1537-04-21J11
Hen. 8	27	1535-04-22J11/1536-04-21J11
Hen. 8	26	1534-04-22J11/1535-04-21J11
Hen. 8	25	1533-04-22J11/1534-04-21J11
Hen. 8	24	1532-04-22J11/1533-04-21J11
Hen. 8	23	1531-04-22J11/1532-04-21J11
Hen. 8	22	1530-04-22J11/1531-04-21J11
Hen. 8	21	1529-04-22J11/1530-04-21J11
Hen. 8	20	1528-04-22J11/1529-04-21J11
Hen. 8	19	1527-04-22J11/1528-04-21J11
Hen. 8	18	1526-04-22J11/1527-04-21J11
Hen. 8	16	1524-04-22J11/1525-04-21J11
Hen. 8	15	1523-04-22J11/1524-04-21J11
Hen. 8	14	1522-04-22J11/1523-04-21J11
Hen. 8	13	1521-04-22J11/1522-04-21J11
Hen. 8	12	1520-04-22J11/1521-04-21J11
Hen. 8	11	1519-04-22J11/1520-04-21J11
Hen. 8	10	1518-04-22J11/1519-04-21J11
Hen. 8	9	1517-04-22J11/1518-04-21J11
Hen. 8	8	1516-04-22J11/1517-04-21J11
Hen. 8	7	1515-04-22J11/1516-04-21J11
Hen. 8	6	1514-04-22J11/1515-04-21J11
Hen. 8	5	1513-04-22J11/1514-04-21J11
Hen. 8	4	1512-04-22J11/1513-04-21J11
Hen. 8	3	1511-04-22J11/1512-04-21J11
Hen. 8	2	1510-04-22J11/1511-04-21J11
Hen. 8	1	1509-04-22J11/1510-04-21J11
Jac.	12	1614-03-25J11/1615-03-24J11
Jac.	13	1615-03-25J11/1616-03-24J11
Jac.	14	1616-03-25J11/1617-03-24J11
Jac.	15	1617-03-25J11/1618-03-24J11
Jac.	16	1618-03-25J11/1619-03-24J11
Jac.	17	1619-03-25J11/1620-03-24J11
Jac.	18	1620-03-25J11/1621-03-24J11
Jac.	19	1621-03-25J11/1622-03-24J11
Jac.	20	1622-03-25J11/1623-03-24J11
Jac.	22	1624-03-25J11/1625-03-24J11
Jac.	23	1625-03-25J11/1625-03-27J11
Jac.	8	1610-03-25J11/1611-03-24J11
Jac.	9	1611-03-25J11/1612-03-24J11
Jac.	10	1612-03-25J11/1613-03-24J11
Jac.	11	1613-03-25J11/1614-03-24J11
Jac.	21	1623-03-25J11/1624-03-24J11
Jac.	1	1603-03-25J11/1604-03-24J11
Jac.	2	1604-03-25J11/1605-03-24J11
Jac.	3	1605-03-25J11/1606-03-24J11
Jac.	4	1606-03-25J11/1607-03-24J11
Jac.	5	1607-03-25J11/1608-03-24J11
Jac.	6	1608-03-25J11/1609-03-24J11
Jac.	7	1609-03-25J11/1610-03-24J11
Jac. 2	3	1687-02-06J11/1688-02-05J11
Jac. 2	2	1686-02-06J11/1687-02-05J11
Jac. 2	1	1685-02-06J11/1686-02-05J11
Jac. 2	4	1688-02-06J11/1688-12-11J11
John	10	1208-05-15J11/1209-05-06J11
John	8	1206-05-11J11/1207-05-30J11
John	7	1205-05-19J11/1206-05-10J11
John	6	1204-06-03J11/1205-05-18J11
John	5	1203-05-15J11/1204-06-02J11
John	1	1199-05-27J11/1200-05-17J11
John	2	1200-05-18J11/1201-05-02J11
John	4	1202-05-23J11/1203-05-14J11
John	3	1201-05-03J11/1202-05-22J11
John	11	1209-05-07J11/1210-05-26J11
John	9	1207-05-31J11/1208-05-14J11
John	18	1216-05-19J11/1216-10-19J11
John	17	1215-05-28J11/1216-05-18J11
John	16	1214-05-08J11/1215-05-27J11
John	15	1213-05-23J11/1214-05-07J11
John	14	1212-05-03J11/1213-05-22J11
John	13	1211-05-12J11/1212-05-02J11
John	12	1210-05-27J11/1211-05-11J11
Mary	2	1554-07-06J11/1554-07-24J11
Mary	1	1553-07-06J11/1554-07-05J11
Phil. & M.	3	1556-07-25J11/1557-07-24J11
Phil. & M.	1	1554-07-25J11/1555-07-24J11
Phil. & M.	2	1555-07-25J11/1556-07-24J11
Phil. & M.	4	1557-07-25J11/1558-07-24J11
Phil. & M.	5	1558-07-25J11/1558-11-17J11
Rich.	2	1190-09-03J11/1191-09-02J11
Rich.	10	1198-09-03J11/1199-04-06J11
Rich.	9	1197-09-03J11/1198-09-02J11
Rich.	8	1196-09-03J11/1197-09-02J11
Rich.	7	1195-09-03J11/1196-09-02J11
Rich.	6	1194-09-03J11/1195-09-02J11
Rich.	5	1193-09-03J11/1194-09-02J11
Rich.	4	1192-09-03J11/1193-09-02J11
Rich.	3	1191-09-03J11/1192-09-02J11
Rich.	1	1189-09-03J11/1190-09-02J11
Rich. 2	3	1379-06-22J11/1380-06-21J11
Rich. 2	4	1380-06-22J11/1381-06-21J11
Rich. 2	5	1381-06-22J11/1382-06-21J11
Rich. 2	6	1382-06-22J11/1383-06-21J11
Rich. 2	16	1392-06-22J11/1393-06-21J11
Rich. 2	15	1391-06-22J11/1392-06-21J11
Rich. 2	14	1390-06-22J11/1391-06-21J11
Rich. 2	13	1389-06-22J11/1390-06-21J11
Rich. 2	12	1388-06-22J11/1389-06-21J11
Rich. 2	11	1387-06-22J11/1388-06-21J11
Rich. 2	10	1386-06-22J11/1387-06-21J11
Rich. 2	9	1385-06-22J11/1386-06-21J11
Rich. 2	7	1383-06-22J11/1384-06-21J11
Rich. 2	8	1384-06-22J11/1385-06-21J11
Rich. 2	23	1399-06-22J11/1399-09-29J11
Rich. 2	22	1398-06-22J11/1399-06-21J11
Rich. 2	21	1397-06-22J11/1398-06-21J11
Rich. 2	20	1396-06-22J11/1397-06-21J11
Rich. 2	17	1393-06-22J11/1394-06-21J11
Rich. 2	19	1395-06-22J11/1396-06-21J11
Rich. 2	18	1394-06-22J11/1395-06-21J11
Rich. 2	1	1377-06-22J11/1378-06-21J11
Rich. 2	2	1378-06-22J11/1379-06-21J11
Rich. 3	2	1484-06-26J11/1485-06-25J11
Rich. 3	1	1483-06-26J11/1484-06-25J11
Rich. 3	3	1485-06-26J11/1485-08-22J11
Stephen	10	1144-12-26J11/1145-12-25J11
Stephen	9	1143-12-26J11/1144-12-25J11
Stephen	8	1142-12-26J11/1143-12-25J11
Stephen	7	1141-12-26J11/1142-12-25J11
Stephen	6	1140-12-26J11/1141-12-25J11
Stephen	5	1139-12-26J11/1140-12-25J11
Stephen	4	1138-12-26J11/1139-12-25J11
Stephen	3	1137-12-26J11/1138-12-25J11
Stephen	2	1136-12-26J11/1137-12-25J11
Stephen	1	1135-12-26J11/1136-12-25J11
Stephen	19	1153-12-26J11/1154-10-25J11
Stephen	16	1150-12-26J11/1151-12-25J11
Stephen	18	1152-12-26J11/1153-12-25J11
Stephen	17	1151-12-26J11/1152-12-25J11
Stephen	13	1147-12-26J11/1148-12-25J11
Stephen	14	1148-12-26J11/1149-12-25J11
Stephen	15	1149-12-26J11/1150-12-25J11
Stephen	12	1146-12-26J11/1147-12-25J11
Stephen	11	1145-12-26J11/1146-12-25J11
Vict.	19	1855-06-20/1856-06-19
Vict.	1	1837-06-20/1838-06-19
Vict.	2	1838-06-20/1839-06-19
Vict.	3	1839-06-20/1840-06-19
Vict.	4	1840-06-20/1841-06-19
Vict.	5	1841-06-20/1842-06-19
Vict.	6	1842-06-20/1843-06-19
Vict.	7	1843-06-20/1844-06-19
Vict.	8	1844-06-20/1845-06-19
Vict.	9	1845-06-20/1846-06-19
Vict.	10	1846-06-20/1847-06-19
Vict.	11	1847-06-20/1848-06-19
Vict.	12	1848-06-20/1849-06-19
Vict.	13	1849-06-20/1850-06-19
Vict.	14	1850-06-20/1851-06-19
Vict.	15	1851-06-20/1852-06-19
Vict.	16	1852-06-20/1853-06-19
Vict.	17	1853-06-20/1854-06-19
Vict.	18	1854-06-20/1855-06-19
Vict.	20	1856-06-20/1857-06-19
Vict.	21	1857-06-20/1858-06-19
Vict.	22	1858-06-20/1859-06-19
Vict.	23	1859-06-20/1860-06-19
Vict.	24	1860-06-20/1861-06-19
Vict.	25	1861-06-20/1862-06-19
Vict.	26	1862-06-20/1863-06-19
Vict.	27	1863-06-20/1864-06-19
Vict.	28	1864-06-20/1865-06-19
Vict.	29	1865-06-20/1866-06-19
Vict.	30	1866-06-20/1867-06-19
Vict.	31	1867-06-20/1868-06-19
Vict.	32	1868-06-20/1869-06-19
Vict.	33	1869-06-20/1870-06-19
Vict.	34	1870-06-20/1871-06-19
Vict.	35	1871-06-20/1872-06-19
Vict.	36	1872-06-20/1873-06-19
Vict.	37	1873-06-20/1874-06-19
Vict.	38	1874-06-20/1875-06-19
Vict.	39	1875-06-20/1876-06-19
Vict.	40	1876-06-20/1877-06-19
Vict.	41	1877-06-20/1878-06-19
Vict.	42	1878-06-20/1879-06-19
Vict.	43	1879-06-20/1880-06-19
Vict.	44	1880-06-20/1881-06-19
Vict.	45	1881-06-20/1882-06-19
Vict.	46	1882-06-20/1883-06-19
Vict.	47	1883-06-20/1884-06-19
Vict.	48	1884-06-20/1885-06-19
Vict.	49	1885-06-20/1886-06-19
Vict.	50	1886-06-20/1887-06-19
Vict.	51	1887-06-20/1888-06-19
Vict.	52	1888-06-20/1889-06-19
Vict.	53	1889-06-20/1890-06-19
Vict.	54	1890-06-20/1891-06-19
Vict.	55	1891-06-20/1892-06-19
Vict.	56	1892-06-20/1893-06-19
Vict.	57	1893-06-20/1894-06-19
Vict.	58	1894-06-20/1895-06-19
Vict.	59	1895-06-20/1896-06-19
Vict.	60	1896-06-20/1897-06-19
Vict.	61	1897-06-20/1898-06-19
Vict.	62	1898-06-20/1899-06-19
Vict.	63	1899-06-20/1900-06-19
Vict.	64	1900-06-20/1901-01-22
Will.	21	1086-10-14J11/1087-09-09J11
Will.	2	1067-10-14J11/1068-10-13J11
Will.	1	1066-10-14J11/1067-10-13J11
Will.	3	1068-10-14J11/1069-10-13J11
Will.	4	1069-10-14J11/1070-10-13J11
Will.	5	1070-10-14J11/1071-10-13J11
Will.	6	1071-10-14J11/1072-10-13J11
Will.	7	1072-10-14J11/1073-10-13J11
Will.	8	1073-10-14J11/1074-10-13J11
Will.	9	1074-10-14J11/1075-10-13J11
Will.	10	1075-10-14J11/1076-10-13J11
Will.	11	1076-10-14J11/1077-10-13J11
Will.	12	1077-10-14J11/1078-10-13J11
Will.	13	1078-10-14J11/1079-10-13J11
Will.	14	1079-10-14J11/1080-10-13J11
Will.	15	1080-10-14J11/1081-10-13J11
Will.	16	1081-10-14J11/1082-10-13J11
Will.	17	1082-10-14J11/1083-10-13J11
Will.	18	1083-10-14J11/1084-10-13J11
Will.	19	1084-10-14J11/1085-10-13J11
Will.	20	1085-10-14J11/1086-10-13J11
Will. 2	2	1088-09-26J11/1089-09-25J11
Will. 2	13	1099-09-26J11/1100-08-02J11
Will. 2	12	1098-09-26J11/1099-09-25J11
Will. 2	11	1097-09-26J11/1098-09-25J11
Will. 2	10	1096-09-26J11/1097-09-25J11
Will. 2	9	1095-09-26J11/1096-09-25J11
Will. 2	8	1094-09-26J11/1095-09-25J11
Will. 2	7	1093-09-26J11/1094-09-25J11
Will. 2	6	1092-09-26J11/1093-09-25J11
Will. 2	5	1091-09-26J11/1092-09-25J11
Will. 2	4	1090-09-26J11/1091-09-25J11
Will. 2	3	1089-09-26J11/1090-09-25J11
Will. 2	1	1087-09-26J11/1088-09-25J11
Will. 3	1	1694-12-28J11/1695-12-27J11
Will. 3	8	1701-12-28J11/1702-03-08J11
Will. 3	7	1700-12-28J11/1701-12-27J11
Will. 3	6	1699-12-28J11/1700-12-27J11
Will. 3	5	1698-12-28J11/1699-12-27J11
Will. 3	4	1697-12-28J11/1698-12-27J11
Will. 3	3	1696-12-28J11/1697-12-27J11
Will. 3	2	1695-12-28J11/1696-12-27J11
Will. 4	3	1832-06-26/1833-06-25
Will. 4	4	1833-06-26/1834-06-25
Will. 4	5	1834-06-26/1835-06-25
Will. 4	6	1835-06-26/1836-06-25
Will. 4	7	1836-06-26/1837-06-20
Will. 4	1	1830-06-26/1831-06-25
Will. 4	2	1831-06-26/1832-06-25
W. & M.	1	1689-02-13J11/1690-02-12J11
W. & M.	6	1694-02-13J11/1694-12-27J11
W. & M.	5	1693-02-13J11/1694-02-12J11
W. & M.	4	1692-02-13J11/1693-02-12J11
W. & M.	3	1691-02-13J11/1692-02-12J11
W. & M.	2	1690-02-13J11/1691-02-12J11
